Publicado,Número,Semana,Tema_Semana,Fase,Día,Pilar,Tipo,Texto,Fuente
FALSE,001,1,La señal que no veías,Despertar,Lunes,DOLOR,Cita,"«El mejor puente entre la desesperanza y la esperanza es una buena noche de sueño.»
— Matthew Walker",Por qué dormimos
FALSE,002,1,La señal que no veías,Despertar,Martes,DOLOR,Cita,"«Cuanto más corto tu sueño, más corta tu vida. Las enfermedades que colapsan los sistemas de salud — cardiopatías, obesidad, demencia, diabetes, cáncer — todas tienen vínculos causales reconocidos con la falta de sueño.»
— Matthew Walker",Por qué dormimos
FALSE,003,2,El cuerpo sabe primero,Despertar,Lunes,DOLOR,Cita,"«Ningún aspecto de nuestra biología sale ileso de la privación de sueño.»
— Matthew Walker",Por qué dormimos
FALSE,004,2,El cuerpo sabe primero,Despertar,Martes,DOLOR,Cita,"«Los seres humanos son la única especie que se priva deliberadamente de sueño sin ningún beneficio aparente.»
— Matthew Walker",Por qué dormimos
FALSE,005,3,El sensor atascado,Despertar,Lunes,DOLOR,Dato,"Después de diez días durmiendo solo siete horas, el cerebro funciona igual que si llevaras 24 horas seguidas sin dormir. Y la persona que lo vive no lo nota — porque el cerebro privado de sueño no puede evaluar cuánto daño tiene.",Matthew Walker — UC Berkeley
FALSE,006,3,El sensor atascado,Despertar,Martes,DOLOR,Dato,"Después de 17 horas despierto, el rendimiento cognitivo cae al equivalente de 0.05% de alcohol en sangre — el límite legal para conducir en la mayoría de los países. Nadie lo llama conducir borracho. Lo llaman día de trabajo.",Matthew Walker — Por qué dormimos
FALSE,007,4,Nombrar para cambiar,Despertar,Lunes,DOLOR,Cita,"«La mente humana no puede percibir con precisión cuán privada de sueño está — precisamente cuando más lo está.»
— Matthew Walker",Por qué dormimos
FALSE,008,4,Nombrar para cambiar,Despertar,Martes,DOLOR,Dato,"El 90.5% de los adultos de 18 a 24 años duerme menos de las 7 a 9 horas recomendadas. La mayoría cree que funciona bien. El cerebro privado de sueño es el único órgano que no puede diagnosticar su propia disfunción.",NapLab Sleep Statistics 2025
FALSE,009,5,El freno existe,Explicar,Lunes,DOLOR,Dato,"Después de 35 horas sin dormir, la amígdala — el centro de alarma del cerebro — se vuelve un 60% más reactiva a estímulos negativos. ¿Eso significa que el problema es el mundo? No. Significa que el filtro está roto.",Matthew Walker — investigación clínica
FALSE,010,5,El freno existe,Explicar,Martes,DOLOR,Cita,"«Después del trauma, el mundo se experimenta con un sistema nervioso diferente, y la energía del sobreviviente se enfoca en suprimir el caos interior a expensas de su participación espontánea en la vida.»
— Bessel van der Kolk",El cuerpo lleva la cuenta
FALSE,011,6,Por qué el aire importa,Explicar,Lunes,DOLOR,Cita,"«En el trauma, el cuerpo continúa defendiéndose de una amenaza que pertenece al pasado.»
— Bessel van der Kolk",El cuerpo lleva la cuenta
FALSE,012,6,Por qué el aire importa,Explicar,Martes,DOLOR,Cita,"«La autorregulación depende de tener una relación amigable con tu cuerpo. Sin eso, debes depender de regulación externa: medicamentos, drogas, necesidad constante de aprobación, o complacencia con otros.»
— Bessel van der Kolk",El cuerpo lleva la cuenta
FALSE,013,7,Lo que la ciencia confirma,Explicar,Lunes,DOLOR,Cita,"«Es cuando quedamos atrapados en la desregulación, incapaces de encontrar el camino de vuelta, que sentimos angustia.»
— Deb Dana",Polyvagal Theory in Therapy
FALSE,014,7,Lo que la ciencia confirma,Explicar,Martes,DOLOR,Cita,"«La neuroception precede a la percepción. La historia sigue al estado.»
— Deb Dana
Lo que crees que está pasando viene DESPUÉS de lo que tu sistema nervioso ya decidió que estaba pasando.",Anchored
FALSE,015,8,Tecnología de miles de años,Explicar,Lunes,DOLOR,Cita,"«No puedes controlar la mente con la mente. Lo que debes hacer es dirigir la atención al cuerpo.»
— Andrew Huberman",Huberman Lab
FALSE,016,8,Tecnología de miles de años,Explicar,Martes,DOLOR,Cita,"«No importa qué comemos, cuánto ejercicio hacemos, qué tan resistentes son nuestros genes — nada de eso importará si no estamos respirando correctamente.»
— James Nestor",Respira
FALSE,017,9,El minuto que cambia el estado,Regular,Lunes,DOLOR,Dato,"La mayoría de las personas adultas respira por la boca entre el 30 y 60% del día. Esto activa el sistema simpático, reduce el oxígeno disponible para los tejidos y mantiene al cuerpo en un estado de alerta de fondo que se vuelve invisible — pero no inofensivo.",James Nestor / Patrick McKeown
FALSE,018,9,El minuto que cambia el estado,Regular,Martes,DOLOR,Cita,"«Cuando la hiperventilación ocurre, se exhala demasiado CO2. Eso fuerza la puerta a una posición más cerrada, haciendo más difícil que el oxígeno llegue a los tejidos. El resultado: el cuerpo siente que le falta aire aunque haya suficiente.»
— Patrick McKeown",The Oxygen Advantage
FALSE,019,10,Respirar con intención,Regular,Lunes,DOLOR,Reflexión,"Son las 11 de la noche. Estás en la cama. Y tu cabeza sigue procesando la reunión de las 3, la conversación que no cerraste, la lista de mañana. Eso no es insomnio. Es un sistema nervioso que nunca recibió la señal de que el día terminó.",
FALSE,020,10,Respirar con intención,Regular,Martes,DOLOR,Reflexión,"Tu cuerpo está tenso en una reunión tranquila. Aprietas la mandíbula manejando. El corazón se acelera antes de revisar el correo. No es que seas ansioso. Es que tu sensor de seguridad quedó atascado en alerta — y ya no distingue lo urgente de lo que puede esperar.",
FALSE,021,11,El cuerpo como aliado,Regular,Lunes,DOLOR,Reflexión,"Reaccionaste. Supiste en el momento que no querías hacerlo. Pero no pudiste parar. Eso no es un problema de carácter — es un problema de sistema nervioso desregulado. Y tiene solución.",
FALSE,022,11,El cuerpo como aliado,Regular,Martes,DOLOR,Reflexión,"Buscas calma y encuentras distracción. Te distraes con el teléfono, una serie, una conversación. Pero cuando apagas la distracción, el ruido interno sigue ahí. Distracción y descanso no son lo mismo.",
FALSE,023,12,Herramientas para el mundo real,Regular,Lunes,DOLOR,Reflexión,"Llevas semanas sintiéndote al límite. Haces todo bien: ejercicio, café, reuniones. Pero algo dentro sigue acelerado. El problema no está en tu agenda — está en tu sistema nervioso.",
FALSE,024,12,Herramientas para el mundo real,Regular,Martes,DOLOR,Reflexión,"El agotamiento que sientes no siempre es falta de sueño. A veces es falta de apagado. Tu cuerpo necesita saber que está a salvo antes de descansar de verdad.",
FALSE,025,13,Bajo presión,Regular,Lunes,DOLOR,Reflexión,"Llevas tiempo funcionando a esta velocidad. Tu cuerpo lo tiene registrado. Cada día de alta alerta deja su huella — no en la memoria, sino en la tensión de los músculos, en la calidad del sueño, en cómo reaccionas a lo pequeño.",
FALSE,026,13,Bajo presión,Regular,Martes,DOLOR,Reflexión,"Meditas a veces. Haces ejercicio. Tomas suplementos. El ruido interno no para. No porque esas cosas no sirvan — sino porque ninguna está atacando la raíz. La raíz es el sistema nervioso que no sabe cómo bajar.",
FALSE,027,14,El hábito real,Integrar,Lunes,DOLOR,Reflexión,"Lo que sientes a las 2am no es la realidad. Es tu sistema nervioso sin regulación interpretando el mundo. Una amígdala privada de sueño amplifica el peligro. Nada es tan urgente como se siente a las 2am.",
FALSE,028,14,El hábito real,Integrar,Martes,DOLOR,Reflexión,"Terminas el día agotado. Te sientas. Y la cabeza no para. Eso tiene un nombre: no es estrés — es un sistema nervioso que lleva horas en modo activación y no encontró la señal para cambiar de estado.",
FALSE,029,15,Lo que cambia con el tiempo,Integrar,Lunes,DOLOR,Reflexión,"El cuerpo guarda el estrés de la semana. El lunes siguiente lo lleva puesto. Esa tensión de hombros que traes desde el jueves no es contractura — es memoria del sistema nervioso.",
FALSE,030,15,Lo que cambia con el tiempo,Integrar,Martes,DOLOR,Cita,"«Si estás ansioso, no puedes aprender. Es como plantar semillas en concreto. Con una mente quieta, las personas absorben todo.»
— Herbert Benson",The Relaxation Response
FALSE,031,16,Cuando todo sale mal,Integrar,Lunes,DOLOR,Dato,"La pérdida de sueño entre trabajadores genera 1.23 millones de días laborales perdidos por año solo en Estados Unidos. Y la productividad que crees ganar trabajando hasta tarde no compensa — matemáticamente — lo que pierdes en rendimiento cognitivo.",RAND Corporation
FALSE,032,16,Cuando todo sale mal,Integrar,Martes,DOLOR,Reflexión,"No es que seas reactivo por naturaleza. Es que llevas demasiado tiempo con el sistema nervioso en alerta — y desde ahí, cualquier cosa pequeña se convierte en amenaza.",
FALSE,033,17,La práctica es el progreso,Integrar,Lunes,DOLOR,Reflexión,"El problema no es que tengas mucho en la cabeza. Es que la cabeza no tiene freno. Nadie te enseñó dónde está el freno. Eso es exactamente lo que estamos construyendo acá.",
FALSE,034,17,La práctica es el progreso,Integrar,Martes,DOLOR,Reflexión,"Hay personas que duermen ocho horas y amanecen agotadas. El cuerpo estuvo dormido. El sistema nervioso, no.",
FALSE,035,18,Sostenible no perfecto,Integrar,Lunes,DOLOR,Reflexión,"Cuántas veces llegaste al final del día y pensaste: ¿para qué hice tanto si me siento igual de mal? Esa sensación no es ingratitud — es un cuerpo que no pudo soltar nada de lo que acumuló.",
FALSE,036,18,Sostenible no perfecto,Integrar,Martes,DOLOR,Cita,"«La mente (manas) y la respiración (prana) están íntimamente conectadas. La actividad o cese de la actividad de una afecta a la otra.»
— B.K.S. Iyengar",Luz sobre el Pranayama
FALSE,037,19,La autonomía,Transferir,Lunes,DOLOR,Reflexión,"Hay una tensión que ya no notas porque llevas tanto tiempo cargándola que se volvió normal. La mandíbula apretada. Los hombros levantados. El pecho contraído. No es tu postura — es tu sistema nervioso hablando.",
FALSE,038,19,La autonomía,Transferir,Martes,DOLOR,Reflexión,"Estoy bien — dice la mente. El cuerpo dice otra cosa. Las manos apretadas, la voz que se tensa, el sueño que no llega. El cuerpo no miente. Solo hay que aprender a escucharlo.",
FALSE,039,20,Profundización,Transferir,Lunes,DOLOR,Dato,"Cuando el sistema nervioso autónomo detecta peligro — real o imaginado — activa la respuesta de lucha/huida en milisegundos, antes de cualquier procesamiento consciente. El estrés de un correo difícil activa el mismo mecanismo que activaba frente a un depredador. El cuerpo no distingue.",Deb Dana / Stephen Porges
FALSE,040,20,Profundización,Transferir,Martes,DOLOR,Reflexión,"Llevas años funcionando bien bajo presión. Pero funcionar bien bajo presión tiene un costo que el cuerpo paga con intereses. La cuenta llega — en forma de sueño fragmentado, reactividad, o un agotamiento que no se va con vacaciones.",
FALSE,041,21,El ciclo que se cierra,Transferir,Lunes,DOLOR,Cita,"«La historia que construimos sobre lo que nos pasa viene DESPUÉS del estado en que está nuestro sistema nervioso — no antes.»
— Deb Dana
Cuando estás desregulado, todo parece una amenaza — no porque lo sea, sino porque tu estado lo filtra así.",Anchored
FALSE,042,21,El ciclo que se cierra,Transferir,Martes,DOLOR,Reflexión,"¿Cuándo fue la última vez que te sentiste realmente tranquilo? No relajado. No distraído. Tranquilo de verdad — con el cuerpo quieto y la mente sin carrera. Si tienes que pensarlo mucho, esa es la respuesta.",
FALSE,043,22,Inicio del segundo ciclo,Transferir,Lunes,DOLOR,Reflexión,"El modo urgencia se vuelve el modo por defecto. Y cuando todo es urgente, nada lo es — pero el cuerpo sigue pagando el precio de actuar como si todo lo fuera.",
FALSE,044,22,Inicio del segundo ciclo,Transferir,Martes,DOLOR,Reflexión,"No es falta de voluntad. No es debilidad. Es un sistema nervioso que aprendió a sobrevivir de una manera que ahora te cuesta demasiado.",
FALSE,045,22,Inicio del segundo ciclo,Transferir,Miércoles,DOLOR,Cita,"«Después de seis horas de sueño por noche durante diez días, el cerebro opera en un nivel de deterioro equivalente a estar despierto 24 horas completas. Y la persona no lo percibe — porque también pierde la capacidad de evaluar su propio deterioro.»
— Matthew Walker",Por qué dormimos
FALSE,046,1,La señal que no veías,Despertar,Jueves,TRANSFORMACIÓN,Cita,"«Es la práctica, seguida de una noche de sueño, la que lleva a la perfección.»
— Matthew Walker",Por qué dormimos
FALSE,047,2,El cuerpo sabe primero,Despertar,Jueves,TRANSFORMACIÓN,Cita,"«Con una mente quieta, puedes reprogramar pensamientos y acciones en la dirección que elijas.»
— Herbert Benson",The Relaxation Response
FALSE,048,3,El sensor atascado,Despertar,Jueves,TRANSFORMACIÓN,Cita,"«La capacidad de moverse con flexibilidad entre estados es una señal de bienestar y resiliencia.»
— Deb Dana",Polyvagal Theory in Therapy
FALSE,049,4,Nombrar para cambiar,Despertar,Jueves,TRANSFORMACIÓN,Cita,"«La especie humana recibió el don de la neuroplasticidad — la capacidad de cambiarnos a nosotros mismos de formas deliberadas.»
— Andrew Huberman",Huberman Lab
FALSE,050,5,El freno existe,Explicar,Jueves,TRANSFORMACIÓN,Dato,"Tres meses de práctica de respiración regulada (10–14 minutos diarios) producen reducciones estadísticamente significativas de presión arterial y frecuencia cardíaca. El sistema nervioso responde a la práctica sostenida, no a los gestos esporádicos.","Journal of Human Hypertension / Leah Lagos — Heart Breath Mind"
FALSE,051,6,Por qué el aire importa,Explicar,Jueves,TRANSFORMACIÓN,Dato,"Un estudio de 2025 encontró que la respiración lenta y regulada supera al ejercicio físico en reducción del índice de estrés — con una reducción del 74% en los participantes que practicaron diariamente. No reemplaza el ejercicio. Pero hace lo que el ejercicio no puede hacer solo.",Frontiers in Psychology 2025
FALSE,052,7,Lo que la ciencia confirma,Explicar,Jueves,TRANSFORMACIÓN,Reflexión,"El objetivo no es nunca estresarte. Es saber cómo volver. Esa diferencia lo cambia todo — porque la vida seguirá teniendo presión. Lo que cambia es que tú dejas de quedar atrapado en ella.",
FALSE,053,8,Tecnología de miles de años,Explicar,Jueves,TRANSFORMACIÓN,Reflexión,"Imagina no necesitar que todo esté bien para estar bien. Eso no es una promesa vacía — es lo que ocurre cuando el sistema nervioso aprende que puede regular su propio estado.",
FALSE,054,9,El minuto que cambia el estado,Regular,Jueves,TRANSFORMACIÓN,Reflexión,"Cuando aprendes a bajar el interruptor, todo sigue igual en el exterior. Pero tú respondes diferente — y desde esa diferencia, todo cambia.",
FALSE,055,10,Respirar con intención,Regular,Jueves,TRANSFORMACIÓN,Reflexión,"La calma no es la ausencia de ruido. Es saber qué hacer cuando el ruido llega. Eso es lo que cambia con la práctica.",
FALSE,056,11,El cuerpo como aliado,Regular,Jueves,TRANSFORMACIÓN,Reflexión,"Hay un momento cuando dejas de reaccionar y empiezas a elegir. No porque seas perfecto — sino porque tu sistema nervioso aprendió que tiene opciones.",
FALSE,057,12,Herramientas para el mundo real,Regular,Jueves,TRANSFORMACIÓN,Reflexión,"No se trata de tener más tiempo. Se trata de tener más acceso a ti mismo. Un minuto de respiración intencional al día genera más espacio interno que dos horas de scroll tratando de desconectarte.",
FALSE,058,13,Bajo presión,Regular,Jueves,TRANSFORMACIÓN,Reflexión,"La regulación del sistema nervioso no es un estado que alcanzas. Es una habilidad que practicas. Como cualquier habilidad, mejora. Y una vez que la tienes, nadie te la puede quitar.",
FALSE,059,14,El hábito real,Integrar,Jueves,TRANSFORMACIÓN,Cita,"«Cada respiración que tomamos, cada paso que damos, puede estar lleno de paz y serenidad. La pregunta es si estamos en contacto con eso o no.»
— Thich Nhat Hanh",
FALSE,060,15,Lo que cambia con el tiempo,Integrar,Jueves,TRANSFORMACIÓN,Cita,"«Hay dos formas de regular las emociones: regulación descendente — a través de la conciencia del cuerpo vía meditación y yoga — y regulación ascendente: recalibrando el sistema nervioso autónomo a través de la respiración, el movimiento o el tacto.»
— Bessel van der Kolk",El cuerpo lleva la cuenta
FALSE,061,16,Cuando todo sale mal,Integrar,Jueves,TRANSFORMACIÓN,Reflexión,"Un cuerpo que sabe cómo soltar no necesita escapar para descansar. Eso es lo que construimos acá — no una técnica de relajación. Un sistema nervioso que conoce el camino de vuelta.",
FALSE,062,17,La práctica es el progreso,Integrar,Jueves,TRANSFORMACIÓN,Dato,"Personas con patrones de sueño consistentes tienen entre 20 y 48% menos riesgo de mortalidad por cualquier causa. La consistencia, no la perfección, es lo que cambia la biología.",NapLab Sleep Statistics 2025
FALSE,063,18,Sostenible no perfecto,Integrar,Jueves,TRANSFORMACIÓN,Reflexión,"Saber respirar con intención no te hace más espiritual. Te hace más funcional. Más presente. Menos rehén de tus propias reacciones.",
FALSE,064,19,La autonomía,Transferir,Jueves,TRANSFORMACIÓN,Cita,"«La vida del yogui no se mide por el número de sus días, sino por el número de sus respiraciones. Por eso practica patrones rítmicos de respiración lenta y profunda — fortalecen el sistema respiratorio, calman el sistema nervioso y reducen el deseo compulsivo.»
— B.K.S. Iyengar",Luz sobre el Pranayama
FALSE,065,19,La autonomía,Transferir,Viernes,TRANSFORMACIÓN,Reflexión,"No necesitas una vida diferente para sentirte diferente. Necesitas un sistema nervioso que sepa cómo estar en esta vida sin consumirse en ella.",
FALSE,066,1,La señal que no veías,Despertar,Miércoles,VEHÍCULO,Cita,"«La respiración nasal por sí sola puede multiplicar por seis el óxido nítrico disponible — una de las razones por las que absorbemos aproximadamente un 18% más de oxígeno que cuando respiramos por la boca.»
— James Nestor",Respira
FALSE,067,2,El cuerpo sabe primero,Despertar,Miércoles,VEHÍCULO,Cita,"«La respiración perfecta es esta: inhalar durante aproximadamente 5.5 segundos, exhalar durante 5.5 segundos. Eso da 5.5 respiraciones por minuto, con un total de aproximadamente 5.5 litros de aire.»
— James Nestor",Respira
FALSE,068,3,El sensor atascado,Despertar,Miércoles,VEHÍCULO,Cita,"«Cuando inhalas principalmente por la fosa nasal derecha, la circulación se acelera, el cuerpo se calienta y los niveles de cortisol, presión arterial y frecuencia cardíaca aumentan — activando el sistema simpático. La fosa nasal izquierda está más conectada al sistema parasimpático: el modo descanso y relajación.»
— James Nestor",Respira
FALSE,069,4,Nombrar para cambiar,Despertar,Miércoles,VEHÍCULO,Cita,"«El CO2 es la puerta que permite que el oxígeno llegue a los músculos. Si esa puerta está solo parcialmente abierta, solo una parte del oxígeno disponible pasa.»
— Patrick McKeown",The Oxygen Advantage
FALSE,070,5,El freno existe,Explicar,Miércoles,VEHÍCULO,Cita,"«Así como tenemos una cantidad óptima de agua y comida, también tenemos una cantidad óptima de aire para respirar. Y así como comer demasiado puede ser dañino, también lo es respirar demasiado.»
— Patrick McKeown",The Oxygen Advantage
FALSE,071,6,Por qué el aire importa,Explicar,Miércoles,VEHÍCULO,Dato,"Tararear puede incrementar el óxido nítrico nasal hasta 15 veces comparado con una exhalación silenciosa. El óxido nítrico dilata los vasos sanguíneos, mejora la distribución de oxígeno y tiene efecto antiviral. La voz como herramienta de regulación — no como metáfora, sino como fisiología.","Weitzberg y Lundberg — American Journal of Respiratory and Critical Care Medicine"
FALSE,072,7,Lo que la ciencia confirma,Explicar,Miércoles,VEHÍCULO,Cita,"«El suspiro fisiológico es la forma más rápida y directamente cableada que tenemos de eliminar la respuesta de estrés en tiempo real.»
— Andrew Huberman",Huberman Lab
FALSE,073,8,Tecnología de miles de años,Explicar,Miércoles,VEHÍCULO,Dato,"El suspiro fisiológico: dos inhalaciones nasales cortas seguidas de una exhalación larga y completa. Reactiva los alvéolos pulmonares colapsados por el estrés y restaura el estado de calma en segundos. Incluso uno o dos suspiros fisiológicos producen cambios fisiológicos medibles.",Andrew Huberman — Investigación de Stanford
FALSE,074,9,El minuto que cambia el estado,Regular,Miércoles,VEHÍCULO,Cita,"«La visión y la respiración son las formas más rápidas y evidentes de controlar la activación del sistema nervioso autónomo.»
— Andrew Huberman",Huberman Lab
FALSE,075,10,Respirar con intención,Regular,Miércoles,VEHÍCULO,Cita,"«La respuesta de relajación es un estado físico de descanso profundo que cambia las respuestas físicas y emocionales al estrés — y es la opuesta y complementaria a la respuesta de lucha/huida.»
— Herbert Benson",The Relaxation Response
FALSE,076,11,El cuerpo como aliado,Regular,Miércoles,VEHÍCULO,Dato,"Herbert Benson fue el primer investigador de Harvard en demostrar (en los años 70) que la meditación produce cambios fisiológicos medibles: reduce frecuencia cardíaca, presión arterial, consumo de oxígeno y ritmo respiratorio. Lo llamó Relaxation Response. La ciencia del yoga tenía ese conocimiento hace milenios — pero necesitó un laboratorio de Harvard para tomarlo en serio.",Herbert Benson — The Relaxation Response 1975
FALSE,077,12,Herramientas para el mundo real,Regular,Miércoles,VEHÍCULO,Cita,"«La respiración es la única función del sistema nervioso autónomo que también puedes controlar de forma consciente. Es el único puente directo entre tu voluntad y tu biología interna.»","Van der Kolk y neurociencia contemporánea"
FALSE,078,13,Bajo presión,Regular,Miércoles,VEHÍCULO,Cita,"«La respiración es el puente que conecta la vida con la conciencia, que une tu cuerpo con tus pensamientos.»
— Thich Nhat Hanh",
FALSE,079,14,El hábito real,Integrar,Miércoles,VEHÍCULO,Cita,"«Controlando el acto de respirar puedes controlar eficientemente los distintos movimientos en el cuerpo y las diferentes corrientes nerviosas que lo recorren.»
— Swami Sivananda",La ciencia del Pranayama
FALSE,080,15,Lo que cambia con el tiempo,Integrar,Miércoles,VEHÍCULO,Cita,"«Controlar el Prana significa controlar la mente. La mente no puede operar sin la ayuda del Prana.»
— Swami Sivananda
Cuando la respiración se regula, la mente sigue. No al revés.",La ciencia del Pranayama
FALSE,081,16,Cuando todo sale mal,Integrar,Miércoles,VEHÍCULO,Cita,"«La respiración no debe ser forzada. Debe ser atraída con suavidad — como atrapar un caballo en un campo, no persiguiéndolo, sino quedándote quieto con una manzana en la mano.»
— B.K.S. Iyengar",Luz sobre el Pranayama
FALSE,082,17,La práctica es el progreso,Integrar,Miércoles,VEHÍCULO,Cita,"«Nunca consideres el pranayama como un ejercicio. Es una plegaria. Respirar es vivir.»
— B.K.S. Iyengar",Luz sobre el Pranayama
FALSE,083,18,Sostenible no perfecto,Integrar,Miércoles,VEHÍCULO,Reflexión,"El yoga no es flexibilidad. Es tecnología de regulación del sistema nervioso con miles de años de prueba. La neurociencia contemporánea confirma lo que los practicantes observaron durante siglos: el cuerpo y la mente se regulan juntos, desde la respiración y el movimiento consciente.",
FALSE,084,19,La autonomía,Transferir,Miércoles,VEHÍCULO,Reflexión,"La respiración es la única función involuntaria del cuerpo que también puedes controlar de forma consciente. Eso la convierte en el punto de acceso más directo que tienes a tu sistema nervioso autónomo. Sin apps. Sin pastillas. Disponible en cualquier momento.",
FALSE,085,20,Profundización,Transferir,Miércoles,VEHÍCULO,Reflexión,"El sistema nervioso autónomo opera en tres estados: engagement social (cuando estás seguro y conectado), lucha/huida (cuando hay peligro), y colapso (cuando no hay salida). La práctica de regulación no elimina estos estados — te enseña a moverte entre ellos con intención.",Deb Dana — teoría polivagal
FALSE,086,20,Profundización,Transferir,Jueves,VEHÍCULO,Dato,"La exhalación activa el nervio vago y el sistema parasimpático. Por eso la exhalación larga calma más que la inhalación profunda. La regla 2:1 — exhalar el doble del tiempo que se inhala — tiene décadas de evidencia en reducción de frecuencia cardíaca y presión arterial.","Leah Lagos — Heart Breath Mind"
FALSE,087,20,Profundización,Transferir,Viernes,VEHÍCULO,Reflexión,"El sistema nervioso tiene un freno. Se llama sistema parasimpático. El yoga, el pranayama y la meditación son formas de entrenarlo — de hacerlo más accesible, más rápido de activar, más confiable bajo presión.",
FALSE,088,21,El ciclo que se cierra,Transferir,Miércoles,VEHÍCULO,Cita,"«Las acciones son automáticas y adaptativas, generadas por el sistema nervioso autónomo muy por debajo del nivel de conciencia. No es el cerebro haciendo una elección cognitiva — son energías autonómicas moviéndose en patrones de protección.»
— Deb Dana",Polyvagal Theory in Therapy
FALSE,089,21,El ciclo que se cierra,Transferir,Jueves,VEHÍCULO,Dato,"Respirar por la nariz en lugar de la boca tiene efectos directos y medibles: filtra y calienta el aire antes de llegar a los pulmones, produce óxido nítrico (que dilata las vías aéreas y los vasos sanguíneos), y reduce la frecuencia cardíaca. Es una herramienta, no un ritual.",James Nestor / Patrick McKeown
FALSE,090,21,El ciclo que se cierra,Transferir,Viernes,VEHÍCULO,Reflexión,"Lo que los yoguis llamaron prana hace tres mil años, la neurociencia contemporánea lo llama actividad del sistema nervioso autónomo. El nombre cambió. El mecanismo, no.",
FALSE,091,1,La señal que no veías,Despertar,Viernes,OBJECIÓN,Reflexión,"No tengo tiempo.
— Un minuto. Solo un minuto antes de levantarte. Una exhalación larga. El tiempo no es el problema. El hábito de no priorizar tu sistema nervioso, sí.",
FALSE,092,2,El cuerpo sabe primero,Despertar,Viernes,OBJECIÓN,Reflexión,"Ya probé meditación y no me funciona.
— Lo que no te funcionó probablemente fue intentar vaciar la mente. Eso no es lo que hacemos acá. Regulación del sistema nervioso no es vaciar — es aprender a observar sin quedarte atrapado.",
FALSE,093,3,El sensor atascado,Despertar,Viernes,OBJECIÓN,Reflexión,"Soy muy activo para esto.
— Cuanto más activo estás, más necesita tu sistema nervioso saber cómo bajar. La capacidad de activarse es útil. La capacidad de desactivarse es la que te falta — y es la que se entrena.",
FALSE,094,4,Nombrar para cambiar,Despertar,Viernes,OBJECIÓN,Reflexión,"Tengo que estar tranquilo para meditar.
— Es al revés. Meditas para calmarte, no después de calmarte. Si tuvieras que estar en forma para ir al gimnasio, nadie iría.",
FALSE,095,5,El freno existe,Explicar,Viernes,OBJECIÓN,Reflexión,"El yoga es para personas flexibles.
— El yoga no es sobre los músculos. Es sobre el sistema nervioso. La flexibilidad es un efecto secundario. El objetivo es que tu cuerpo deje de vivir en modo alerta.",
FALSE,096,6,Por qué el aire importa,Explicar,Viernes,OBJECIÓN,Reflexión,"El estrés me hace productivo.
— El estrés agudo, sí — por períodos cortos. El estrés crónico, no. Corroe la memoria, la toma de decisiones y la creatividad. El problema no es el estrés. Es no saber apagarlo.",
FALSE,097,7,Lo que la ciencia confirma,Explicar,Viernes,OBJECIÓN,Reflexión,"Necesito algo más fuerte — pastillas, suplementos, algo.
— El sistema nervioso autónomo ya tiene todo lo que necesita para regularse. El problema no es que le falte un ingrediente externo. Es que nunca aprendió a activar su propio freno.",
FALSE,098,8,Tecnología de miles de años,Explicar,Viernes,OBJECIÓN,Reflexión,"Esto es muy espiritual, yo soy más racional.
— Andrew Huberman es neurocientífico de Stanford. Herbert Benson es cardiólogo de Harvard. Matthew Walker es investigador de Berkeley. La misma práctica que en algunos contextos se llama meditación, en sus laboratorios se llama regulación del sistema nervioso autónomo.",
FALSE,099,9,El minuto que cambia el estado,Regular,Viernes,OBJECIÓN,Reflexión,"Es un lujo — no tengo tiempo ni espacio para eso.
— Fue diseñado para quien no tiene. Un audio de 3 minutos en el baño antes de una reunión difícil. Una exhalación larga en el ascensor. Una pregunta antes de dormir. No requiere alfombra, velas ni silencio.",
FALSE,100,10,Respirar con intención,Regular,Viernes,OBJECIÓN,Reflexión,"Ya sé respirar.
— Respirar para sobrevivir, sí. Respirar para regular el sistema nervioso, probablemente no — nadie lo enseña. La diferencia entre las dos es la misma que entre caminar y entrenar fuerza.",
FALSE,101,11,El cuerpo como aliado,Regular,Viernes,OBJECIÓN,Reflexión,"La meditación no falló. La instrucción falló. Siéntate y vacía tu mente es la peor forma de introducir a alguien a la regulación interna. La mente no se vacía. Se ancla. Y eso sí se puede aprender.",
FALSE,102,12,Herramientas para el mundo real,Regular,Viernes,OBJECIÓN,Cita,"«El estrés no es algo que eliminar, sino algo que canalizar para una mayor adaptación y crecimiento.»
— Andrew Huberman",Huberman Lab
FALSE,103,13,Bajo presión,Regular,Viernes,OBJECIÓN,Dato,"Incluso 1 a 3 suspiros fisiológicos al día (dos inhalaciones nasales + una exhalación larga) muestran cambios medibles en el estado del sistema nervioso autónomo. No se necesitan horas. Se necesita consistencia.",Andrew Huberman — investigación de Stanford
FALSE,104,14,El hábito real,Integrar,Viernes,OBJECIÓN,Reflexión,"Lo voy a hacer cuando tenga más tiempo / cuando me estabilice / cuando pase esta etapa.
— El sistema nervioso no espera. Cada semana sin práctica es una semana más de adaptación en la dirección equivocada. Cinco minutos que haces hoy valen más que una hora que planeas para después.",
FALSE,105,15,Lo que cambia con el tiempo,Integrar,Viernes,OBJECIÓN,Reflexión,"El ruido interno no para porque nunca le has dado a tu sistema nervioso una alternativa real. No una distracción — una alternativa. Eso es lo que cambia cuando hay práctica.",
FALSE,106,16,Cuando todo sale mal,Integrar,Viernes,OBJECIÓN,Cita,"«El ser humano es la única especie que se priva deliberadamente de sueño sin razón aparente.»
— Matthew Walker
(Para quien piensa que dormir poco es señal de productividad.)",Matthew Walker
FALSE,107,17,La práctica es el progreso,Integrar,Viernes,OBJECIÓN,Reflexión,"No noto resultados.
— El sistema nervioso tarda entre 3 y 6 semanas en mostrar cambios medibles con práctica consistente. No porque sea lento — sino porque está deshaciendo años de adaptación. La primera semana no sientes nada. La tercera, empiezas a notar lo que ya no sientes.",
FALSE,108,18,Sostenible no perfecto,Integrar,Viernes,OBJECIÓN,Dato,"Las personas con alta variabilidad de la frecuencia cardíaca (HRV) — el principal marcador de resiliencia del sistema nervioso — tienen mejor rendimiento cognitivo, mejor manejo del estrés, y menor riesgo cardiovascular. El HRV se entrena. Y la herramienta más efectiva para entrenarlo es la respiración lenta y regulada.","Leah Lagos — Heart Breath Mind"